user,label,avg_dwell_time,std_dwell_time,avg_flight_time,std_flight_time,avg_deft,error_rate
misbah,1,0.133,0.0148,0.2525,0.0375,0.0605,0.007
misbah,1,0.1313,0.0184,0.2295,0.0232,0.0888,0.0278
misbah,1,0.1307,0.0256,0.244,0.0231,0.0837,0.0104
misbah,1,0.1388,0.0198,0.2245,0.0246,0.0922,0.0185
misbah,1,0.1257,0.0182,0.246,0.0329,0.0841,0.0243
misbah,1,0.1514,0.018,0.2146,0.0235,0.0862,0.0313
misbah,1,0.1289,0.0158,0.2053,0.0352,0.0874,0.0254
misbah,1,0.1233,0.0212,0.2335,0.0317,0.0887,0.0222
misbah,1,0.1368,0.0203,0.2387,0.0351,0.0654,0.0168
misbah,1,0.1253,0.0168,0.2217,0.042,0.0713,0.0297
misbah,1,0.1132,0.0183,0.2349,0.0347,0.0871,0.0279
misbah,1,0.1265,0.0177,0.2557,0.0285,0.0672,0.0087
misbah,1,0.1208,0.0225,0.2343,0.0355,0.0757,0.0216
misbah,1,0.1363,0.0185,0.2437,0.0247,0.0764,0.0162
misbah,1,0.118,0.0224,0.2159,0.0301,0.0848,0.0245
misbah,1,0.1367,0.0195,0.2173,0.0294,0.0631,0.0055
misbah,1,0.1168,0.015,0.242,0.0228,0.0762,0.033
misbah,1,0.1264,0.0237,0.202,0.0284,0.0705,0.0166
misbah,1,0.1384,0.0114,0.243,0.0319,0.0741,0.0055
misbah,1,0.1307,0.0174,0.237,0.0302,0.096,0.0176
misbah,1,0.1198,0.0209,0.2366,0.0409,0.0884,0.0236
misbah,1,0.1446,0.0141,0.2108,0.0226,0.0761,0.0062
misbah,1,0.1364,0.0189,0.1859,0.0219,0.0831,0.0284
misbah,1,0.15,0.0346,0.2424,0.0221,0.0587,0.0227
misbah,1,0.1219,0.0179,0.2116,0.0289,0.0907,0.0216
misbah,1,0.1284,0.0148,0.1798,0.0261,0.0795,0.0377
misbah,1,0.1313,0.0249,0.215,0.0205,0.0703,0.0127
misbah,1,0.1513,0.0159,0.2552,0.0228,0.0893,0.0238
misbah,1,0.1284,0.0198,0.2104,0.0336,0.0755,0.0077
misbah,1,0.1172,0.0209,0.2774,0.0313,0.0788,0.0229
imposter1,0,0.1746,0.0368,0.2818,0.0561,0.1164,0.0907
imposter2,0,0.1577,0.0252,0.2626,0.0615,0.1359,0.0564
imposter3,0,0.1493,0.0467,0.2679,0.0361,0.1196,0.0521
imposter1,0,0.1549,0.0337,0.2968,0.0591,0.1114,0.0729
imposter2,0,0.1242,0.0346,0.2731,0.0328,0.0968,0.0533
imposter3,0,0.1687,0.0244,0.2906,0.0402,0.1051,0.0801
imposter1,0,0.1631,0.0457,0.2869,0.038,0.1066,0.0648
imposter2,0,0.1576,0.0263,0.2918,0.0473,0.1478,0.0975
imposter3,0,0.1422,0.0327,0.2607,0.0391,0.1147,0.0841
imposter1,0,0.1441,0.0298,0.2471,0.0434,0.0941,0.0494
imposter2,0,0.1418,0.0342,0.2548,0.0303,0.1419,0.0343
imposter3,0,0.1385,0.0497,0.3481,0.0333,0.1045,0.0668
imposter1,0,0.1809,0.0271,0.2851,0.0528,0.1165,0.0525
imposter2,0,0.153,0.024,0.2852,0.0423,0.1135,0.0489
imposter3,0,0.1621,0.0431,0.2931,0.0485,0.1108,0.06
imposter1,0,0.1442,0.0375,0.2881,0.0659,0.1336,0.0677
imposter2,0,0.1436,0.0261,0.3138,0.0476,0.1172,0.0251
imposter3,0,0.1689,0.0386,0.2678,0.0403,0.114,0.061
imposter1,0,0.1506,0.0342,0.285,0.0465,0.1321,0.0087
imposter2,0,0.1514,0.0364,0.2959,0.0413,0.0836,0.0666
imposter3,0,0.1809,0.0227,0.3073,0.0417,0.1091,0.0389
imposter1,0,0.15,0.0454,0.3017,0.0623,0.1277,0.0688
imposter2,0,0.1812,0.0385,0.3066,0.042,0.111,0.0461
imposter3,0,0.1698,0.0256,0.3056,0.0431,0.1276,0.075
imposter1,0,0.1823,0.0408,0.2586,0.0443,0.0924,0.0496
imposter2,0,0.1777,0.0401,0.276,0.0349,0.1105,0.0357
imposter3,0,0.1449,0.0375,0.3131,0.0511,0.0756,0.0661
imposter1,0,0.1561,0.0383,0.3223,0.0244,0.1011,0.0718
imposter2,0,0.1313,0.0468,0.2974,0.0535,0.1014,0.0763
imposter3,0,0.171,0.0369,0.2947,0.0477,0.097,0.057
